afiseaza_produse ,2019/05/14 20:45:22
afiseaza_suma_facturi_card, 2019/05/14 20:45:25
calculeaza_facturiNeplatite , 2019/05/14 20:45:38
afiseaza_suma_facturi_card, 2019/06/03 07:28:02
adauga_napolitane ,2019/06/03 07:28:17
adauga_furnizor, 2019/06/03 07:28:25
adauga_napolitane ,2019/06/03 07:28:36
adauga_depozit ,2019/06/03 07:28:40
adauga_napolitane ,2019/06/03 09:43:03
adauga_depozit ,2019/06/03 09:44:42
adauga_napolitane ,2019/06/03 09:46:22
adauga_furnizor, 2019/06/03 09:47:17
adauga_napolitane ,2019/06/03 09:47:45
adauga_furnizor, 2019/06/03 09:48:22
adauga_depozit ,2019/06/03 09:50:07
calculeaza_facturi , 2019/06/03 09:56:29
calculeaza_facturiNeplatite , 2019/06/03 09:57:32
calculeaza_facturiNeplatite , 2019/06/03 10:00:57
calculeaza_facturiNeplatite , 2019/06/03 10:01:03
calculeaza_facturiNeplatite , 2019/06/03 10:01:03
calculeaza_facturiNeplatite , 2019/06/03 10:01:04
calculeaza_facturiNeplatite , 2019/06/03 10:01:15
calculeaza_facturiNeplatite , 2019/06/03 10:01:49
calculeaza_facturiNeplatite , 2019/06/03 10:02:37
calculeaza_facturiNeplatite , 2019/06/03 10:02:43
calculeaza_facturiNeplatite , 2019/06/03 10:03:07
calculeaza_facturiNeplatite , 2019/06/03 10:03:34
afiseaza_Furnizori ,2019/06/03 10:09:43
